<?xml version="1.0" encoding="UTF-8"?>
<beans xmlns="http://www.springframework.org/schema/beans"
	xmlns:mvc="http://www.springframework.org/schema/mvc" xmlns:xsi="http://www.w3.org/2001/XMLSchema-instance"
	xmlns:p="http://www.springframework.org/schema/p" xmlns:context="http://www.springframework.org/schema/context"
	xsi:schemaLocation="http://www.springframework.org/schema/beans 
		http://www.springframework.org/schema/beans/spring-beans-4.1.xsd 
		http://www.springframework.org/schema/context 
		http://www.springframework.org/schema/context/spring-context-4.1.xsd 
		http://www.springframework.org/schema/mvc 
		http://www.springframework.org/schema/mvc/spring-mvc-4.1.xsd">

	<context:component-scan base-package="com.group.controller.*" />

	<mvc:annotation-driven>
		<mvc:message-converters register-defaults="true">
			<bean
				class="org.springframework.http.converter.json.MappingJackson2HttpMessageConverter">
				<property name="supportedMediaTypes">
					<list>
						<value>text/html;charset=UTF-8</value>
						<value>application/json;charset=UTF-8</value>
					</list>
				</property>
			</bean>
		</mvc:message-converters>
	</mvc:annotation-driven>

    <bean id="freemarkerConfiguration"
          class="org.springframework.beans.factory.config.PropertiesFactoryBean">
    </bean>
 
    <bean id="viewResolver" class="org.springframework.web.servlet.view.freemarker.FreeMarkerViewResolver">
        <property name="exposeRequestAttributes" value="true" />
        <property name="exposeSessionAttributes" value="true" />
        <property name="viewClass">
            <value>org.springframework.web.servlet.view.freemarker.FreeMarkerView</value>
        </property>
        <property name="cache"><value>true</value></property>
        <property name="suffix"><value>.html</value></property>
        <property name="contentType">
            <value>text/html; charset=UTF-8</value>
        </property>
    </bean>

	<bean id="multipartResolver" class="org.springframework.web.multipart.commons.CommonsMultipartResolver" />
	
	<mvc:resources mapping="/upload/**" location="/upload/" />
	<mvc:resources mapping="/css/**" location="/WEB-INF/css/" />
	<mvc:resources mapping="/js/**" location="/WEB-INF/js/" />

</beans>