<?xml version="1.0" encoding="UTF-8"?>
<beans xmlns="http://www.springframework.org/schema/beans"
	xmlns:xsi="http://www.w3.org/2001/XMLSchema-instance" xmlns:tx="http://www.springframework.org/schema/tx"
	xmlns:aop="http://www.springframework.org/schema/aop"
	xsi:schemaLocation="
		http://www.springframework.org/schema/beans 
		http://www.springframework.org/schema/beans/spring-beans-4.1.xsd 
		http://www.springframework.org/schema/tx 
		http://www.springframework.org/schema/tx/spring-tx-4.1.xsd
		http://www.springframework.org/schema/aop 
		http://www.springframework.org/schema/aop/spring-aop-4.1.xsd"
	default-autowire="byName" default-lazy-init="false">

	<!-- c3p0 -->
	<bean id="dataSource" class="com.mchange.v2.c3p0.ComboPooledDataSource"
		destroy-method="close">
		<property name="driverClass" value="${jdbc.driver}" />
		<property name="jdbcUrl" value="${jdbc.url}" />
		<property name="user" value="${jdbc.username}" />
		<property name="password" value="${jdbc.password}" />
		
 		<property name="checkoutTimeout" value="3000" />
 		<property name="idleConnectionTestPeriod" value="30" />
 		<property name="maxIdleTime" value="30" />
 		<property name="initialPoolSize" value="5" />
 		<property name="minPoolSize" value="5" />
 		<property name="maxPoolSize" value="30" />
 		<property name="acquireIncrement" value="20" />
	</bean>

	<!-- hibernate SessionFactory -->
	<bean id="sessionFactory"
		class="org.springframework.orm.hibernate4.LocalSessionFactoryBean">
		<property name="dataSource" ref="dataSource" />
		<property name="hibernateProperties">
			<props>
				<prop key="hibernate.dialect">${hibernate.dialect}</prop>
				<prop key="hibernate.show_sql">${hibernate.show_sql}</prop>
				<prop key="hibernate.format_sql">${hibernate.format_sql}</prop>
				<prop key="hibernate.hbm2ddl.auto">${hibernate.hbm2ddl.auto}</prop>

				<prop key="hibernate.cache.use_second_level_cache">${hibernate.cache.use_second_level_cache}</prop>
				<prop key="hibernate.cache.use_query_cache">${hibernate.cache.use_query_cache}</prop>
				<prop key="hibernate.cache.region.factory_class">${hibernate.cache.region.factory_class}</prop>
				<prop key="hibernate.cache.provider_configuration_file_resource_path">${hibernate.cache.provider_configuration_file_resource_path}
				</prop>
			</props>
		</property>
		<property name="packagesToScan">
		<list>
			<value>com.group.entity</value>
			<value>com.group.entity.base</value>
			<value>com.group.entity.base.constant</value>
		</list>
		</property>
	</bean>

	<bean id="transactionManager"
		class="org.springframework.orm.hibernate4.HibernateTransactionManager">
		<property name="sessionFactory" ref="sessionFactory" />
	</bean>

<tx:advice id="transactionAdvice" transaction-manager="transactionManager">
		<tx:attributes>
			<tx:method name="add*" propagation="REQUIRED" />
			<tx:method name="append*" propagation="REQUIRED" />
			<tx:method name="save*" propagation="REQUIRED" />
			<tx:method name="update*" propagation="REQUIRED" />
			<tx:method name="modify*" propagation="REQUIRED" />
			<tx:method name="edit*" propagation="REQUIRED" />
			<tx:method name="saveOrUpdate*" propagation="REQUIRED" />
			<tx:method name="delete*" propagation="REQUIRED" />
			<tx:method name="remove*" propagation="REQUIRED" />
			<tx:method name="init" propagation="REQUIRED" />
			<tx:method name="delAndInit" propagation="REQUIRED" />
			<tx:method name="repair*" propagation="REQUIRED" />
			<tx:method name="upload*" propagation="REQUIRED" />
			<tx:method name="roleEdit*" propagation="REQUIRED" />

			<tx:method name="get*" propagation="REQUIRED" read-only="true" />
			<tx:method name="find*" propagation="REQUIRED" read-only="true" />
			<tx:method name="load*" propagation="REQUIRED" read-only="true" />
			<tx:method name="search*" propagation="REQUIRED" read-only="true" />
			<tx:method name="datagrid*" propagation="REQUIRED" read-only="true" />

			<tx:method name="*" propagation="REQUIRED" />
		</tx:attributes>
	</tx:advice>

	<aop:config>
		<aop:pointcut id="transactionPointcut" expression="execution(* com.group.service..*Impl.*(..))" />
		<aop:advisor pointcut-ref="transactionPointcut" advice-ref="transactionAdvice" />
	</aop:config>

</beans>