<?xml version="1.0" encoding="UTF-8"?>
<beans xmlns="http://www.springframework.org/schema/beans"
	xmlns:xsi="http://www.w3.org/2001/XMLSchema-instance" xmlns:context="http://www.springframework.org/schema/context"
	xsi:schemaLocation="http://www.springframework.org/schema/beans
			http://www.springframework.org/schema/beans/spring-beans-4.1.xsd
			http://www.springframework.org/schema/context
			http://www.springframework.org/schema/context/spring-context-4.1.xsd">

	<context:property-placeholder location="classpath:config.properties" />

	<context:component-scan base-package="com.group.service.*,com.group.dao.*" />


	<bean id="freemarkerConfig"
		class="org.springframework.web.servlet.view.freemarker.FreeMarkerConfigurer">
		<property name="templateLoaderPath" value="/WEB-INF/views/" />
		<property name="freemarkerSettings">
			<props>
				<prop key="template_update_delay">0</prop>
				<prop key="default_encoding">UTF-8</prop>
				<prop key="number_format">0.##########</prop>
				<prop key="datetime_format">yyyy-MM-dd HH:mm:ss</prop>
				<prop key="classic_compatible">true</prop>
				<prop key="template_exception_handler">ignore</prop>
			</props>
		</property>
	</bean>
    
</beans>